<?xml version = "1.0" encoding = "UTF-8"?>
<beans xmlns="http://www.springframework.org/schema/beans"
	xmlns:xsi="http://www.w3.org/2001/XMLSchema-instance"
	xmlns:context="http://www.springframework.org/schema/context"
	xsi:schemaLocation="http://www.springframework.org/schema/beans
      http://www.springframework.org/schema/beans/spring-beans-3.0.xsd
      http://www.springframework.org/schema/context
      http://www.springframework.org/schema/context/spring-context-3.0.xsd">


	<context:component-scan
		base-package="com.batch.demo.SpringWithIOC"></context:component-scan>
<bean id="smart" class="com.batch.demo.SpringWithIOC.SmartMobile"></bean>
	<bean id="beanCreateProxy"
		class="com.batch.demo.SpringWithIOC.BeanCreateProxy" />
	<bean id="mobileServiceProxy"
		class="org.springframework.aop.framework.ProxyFactoryBean">

		<property name="target" ref="smart" />

		<property name="interceptorNames">
			<list>
				<value>beanCreateProxy</value>
			</list>
		</property>
	</bean>
</beans> 