<?xml version="1.0" encoding="UTF-8"?>  
<beans xmlns="http://www.springframework.org/schema/beans"  
    xmlns:xsi="http://www.w3.org/2001/XMLSchema-instance"   
    xmlns:context="http://www.springframework.org/schema/context"  
    xmlns:mvc="http://www.springframework.org/schema/mvc"  
    xsi:schemaLocation="  
        http://www.springframework.org/schema/beans  
        http://www.springframework.org/schema/beans/spring-beans.xsd  
        http://www.springframework.org/schema/context  
        http://www.springframework.org/schema/context/spring-context.xsd  
        http://www.springframework.org/schema/mvc  
        http://www.springframework.org/schema/mvc/spring-mvc.xsd">  
  
   <!-- Provide support for component scanning -->  
    <context:component-scan base-package="com.ct.rest.controller" />  
  <mvc:annotation-driven></mvc:annotation-driven>
  <bean id="viewResolver" class="org.springframework.web.servlet.view.InternalResourceViewResolver">  
        <property name="prefix" value="/WEB-INF/views/"></property>  
        <property name="suffix" value=".jsp"></property>          
     </bean>
    <!--  <bean class="org.springframework.web.servlet.mvc.method.annotation.RequestMappingHandlerAdapter">
		<property name="messageConverters">
			<list>
				<ref bean="jsonMessageConverter"/>
			</list>
		</property>
	</bean>
	
	Configure bean to convert JSON to POJO and vice versa
	<bean id="jsonMessageConverter" class="org.springframework.http.converter.json.MappingJackson2HttpMessageConverter">
	</bean>	
        -->
  </beans>