<beans xmlns="http://www.springframework.org/schema/beans"
	xmlns:xsi="http://www.w3.org/2001/XMLSchema-instance"
	xmlns:context="http://www.springframework.org/schema/context"
	xsi:schemaLocation="http://www.springframework.org/schema/beans
	http://www.springframework.org/schema/beans/spring-beans.xsd
	http://www.springframework.org/schema/context
	http://www.springframework.org/schema/context/spring-context.xsd">
	<bean id="ds"
		class="org.springframework.jdbc.datasource.DriverManagerDataSource">

		<property name="driverClassName"
			value="com.mysql.jdbc.Driver" />
		<property name="url" value="jdbc:mysql://localhost:3306/mydb" />
		<property name="username" value="root" />
		<property name="password" value="root" />
	</bean>
	<!-- <bean id="jdbcTemplate"
		class="org.springframework.jdbc.core.JdbcTemplate">
		<property name="dataSource" ref="ds"></property>
	</bean> -->
	<bean id="jTemplate"
		class="org.springframework.jdbc.core.namedparam.NamedParameterJdbcTemplate">
		<constructor-arg ref="ds"></constructor-arg>
	</bean>
<!-- 	<bean id="custDao" class="com.jdbc.dao.CustomerDao">
		<property name="jdbcObj" ref="jdbcTemplate"></property>
	</bean> -->
	<bean id="custDaoNamed" class="com.jdbc.dao.CustomerDao">
		<property name="jTemplate" ref="jTemplate"></property>
	</bean>
</beans>